category,tp_count,citation_at_tp_with_context,citation_at_tp_without_context,fp_count,citation_at_fp_with_context,citation_at_fp_without_context
Crypto (CWE-327),27,1.0,0.037,0,0.0,0.0
Hash (CWE-328),22,1.0,0.0455,0,0.0,0.0
Randomness (CWE-330),32,1.0,0.0,0,0.0,0.0
SQL Injection (CWE-89),35,1.0,0.0,2,1.0,0.0
Path Traversal (CWE-22),29,1.0,0.0,2,1.0,0.0
Command Injection (CWE-78),35,1.0,0.0,3,1.0,0.0
LDAP Injection (CWE-90),27,1.0,0.0,1,1.0,0.0
XPath Injection (CWE-643),15,1.0,0.0,1,1.0,0.0
Overall,222,1.0,0.009,9,1.0,0.0
