violation_id,target_method,status,patch_applied,policy_pass,build_pass,fully_verified,confidence_score,confidence_band,category,error
ISO-A.10-WEAK-HASH,"org.owasp.benchmark.testcode.BenchmarkTest00070.doPost(HttpServletRequest,HttpServletResponse)",OK,True,True,True,True,0.9526,apply,Hash (CWE-328),
ISO-A.10-WEAK-HASH,"org.owasp.benchmark.testcode.BenchmarkTest00269.doPost(HttpServletRequest,HttpServletResponse)",OK,True,True,True,True,0.9526,apply,Hash (CWE-328),
ISO-A.10-WEAK-HASH,"org.owasp.benchmark.testcode.BenchmarkTest01911.doPost(HttpServletRequest,HttpServletResponse)",OK,True,True,True,True,0.9526,apply,Hash (CWE-328),
ISO-A.10-WEAK-HASH,"org.owasp.benchmark.testcode.BenchmarkTest02671.doPost(HttpServletRequest,HttpServletResponse)",OK,True,True,True,True,0.9526,apply,Hash (CWE-328),
ISO-A.10-WEAK-HASH,"org.owasp.benchmark.testcode.BenchmarkTest00266.doPost(HttpServletRequest,HttpServletResponse)",OK,True,True,True,True,0.9526,apply,Hash (CWE-328),
ISO-A.10-WEAK-HASH,"org.owasp.benchmark.testcode.BenchmarkTest00372.doPost(HttpServletRequest,HttpServletResponse)",OK,True,True,True,True,0.9526,apply,Hash (CWE-328),
ISO-A.10-WEAK-HASH,"org.owasp.benchmark.testcode.BenchmarkTest00071.doPost(HttpServletRequest,HttpServletResponse)",OK,True,True,True,True,0.9526,apply,Hash (CWE-328),
ISO-A.10-WEAK-HASH,"org.owasp.benchmark.testcode.BenchmarkTest00635.doPost(HttpServletRequest,HttpServletResponse)",OK,True,True,True,True,0.9526,apply,Hash (CWE-328),
ISO-A.10-WEAK-HASH,"org.owasp.benchmark.testcode.BenchmarkTest01651.doPost(HttpServletRequest,HttpServletResponse)",OK,True,True,True,True,0.9526,apply,Hash (CWE-328),
ISO-A.10-WEAK-RANDOM,"org.owasp.benchmark.testcode.BenchmarkTest01277.doPost(HttpServletRequest,HttpServletResponse)",OK,True,True,True,True,0.9526,apply,Randomness (CWE-330),
ISO-A.10-WEAK-RANDOM,"org.owasp.benchmark.testcode.BenchmarkTest01678.doPost(HttpServletRequest,HttpServletResponse)",OK,True,True,True,True,0.9526,apply,Randomness (CWE-330),
ISO-A.10-WEAK-RANDOM,"org.owasp.benchmark.testcode.BenchmarkTest01930.doPost(HttpServletRequest,HttpServletResponse)",OK,True,True,True,True,0.9526,apply,Randomness (CWE-330),
ISO-A.10-WEAK-RANDOM,"org.owasp.benchmark.testcode.BenchmarkTest00081.doPost(HttpServletRequest,HttpServletResponse)",OK,True,True,True,True,0.9526,apply,Randomness (CWE-330),
ISO-A.10-WEAK-RANDOM,"org.owasp.benchmark.testcode.BenchmarkTest00369.doPost(HttpServletRequest,HttpServletResponse)",OK,True,True,True,True,0.9526,apply,Randomness (CWE-330),
ISO-A.10-WEAK-RANDOM,"org.owasp.benchmark.testcode.BenchmarkTest00160.doPost(HttpServletRequest,HttpServletResponse)",OK,True,True,True,True,0.9526,apply,Randomness (CWE-330),
ISO-A.10-WEAK-RANDOM,"org.owasp.benchmark.testcode.BenchmarkTest00240.doPost(HttpServletRequest,HttpServletResponse)",OK,True,True,True,True,0.9526,apply,Randomness (CWE-330),
ISO-A.10-WEAK-CRYPTO,"org.owasp.benchmark.testcode.BenchmarkTest01323.doPost(HttpServletRequest,HttpServletResponse)",OK,True,True,True,True,0.8909,apply,Crypto (CWE-327),
ISO-A.10-WEAK-CRYPTO,"org.owasp.benchmark.testcode.BenchmarkTest02294.doPost(HttpServletRequest,HttpServletResponse)",OK,True,True,True,True,0.8909,apply,Crypto (CWE-327),
ISO-A.10-WEAK-CRYPTO,"org.owasp.benchmark.testcode.BenchmarkTest00055.doPost(HttpServletRequest,HttpServletResponse)",OK,True,True,True,True,0.8909,apply,Crypto (CWE-327),
ISO-A.10-WEAK-CRYPTO,"org.owasp.benchmark.testcode.BenchmarkTest00020.doPost(HttpServletRequest,HttpServletResponse)",OK,True,True,True,True,0.8909,apply,Crypto (CWE-327),
ISO-A.10-WEAK-CRYPTO,"org.owasp.benchmark.testcode.BenchmarkTest02017.doPost(HttpServletRequest,HttpServletResponse)",OK,True,True,True,True,0.8909,apply,Crypto (CWE-327),
ISO-A.10-WEAK-CRYPTO,"org.owasp.benchmark.testcode.BenchmarkTest01017.doPost(HttpServletRequest,HttpServletResponse)",OK,True,True,True,True,0.8909,apply,Crypto (CWE-327),
ISO-A.10-WEAK-CRYPTO,"org.owasp.benchmark.testcode.BenchmarkTest00521.doPost(HttpServletRequest,HttpServletResponse)",OK,True,True,True,True,0.8909,apply,Crypto (CWE-327),
ISO-A.10-WEAK-CRYPTO,"org.owasp.benchmark.testcode.BenchmarkTest01480.doPost(HttpServletRequest,HttpServletResponse)",OK,True,True,True,True,0.8909,apply,Crypto (CWE-327),
ISO-A.10-WEAK-CRYPTO,"org.owasp.benchmark.testcode.BenchmarkTest01318.doPost(HttpServletRequest,HttpServletResponse)",OK,True,True,True,True,0.8909,apply,Crypto (CWE-327),
